10015	IGNORE	(Cache-control: GitHub Pages sets caching; no private pages are cached)
10017	IGNORE	(Cross-domain JS: Firebase SDK from gstatic.com and Google Translate, allowed by CSP)
10020	IGNORE	(Anti-clickjacking header: Pages cannot set headers; app.js refuses to run in a frame)
10021	IGNORE	(X-Content-Type-Options: Pages cannot set custom headers)
10035	IGNORE	(HSTS: set by GitHub Pages only for github.io; HTTPS is enforced for the custom domain)
10049	IGNORE	(Storable and cacheable content: public static pages)
10050	IGNORE	(Retrieved from cache: GitHub Pages CDN)
10055	IGNORE	(CSP via <meta> cannot define frame-ancestors; covered by app.js frame check)
10063	IGNORE	(Permissions-Policy: Pages cannot set headers)
10098	IGNORE	(Cross-domain misconfiguration: public static files with Access-Control-Allow-Origin *)
10109	IGNORE	(Modern web application: informational)
90003	IGNORE	(SRI: Firebase SDK is loaded with dynamic import(), which cannot carry integrity)
90004	IGNORE	(COEP: would block Google sign-in and Translate)
